NCT number,label_M,IPD Description,label_IPD
NCT00530062,0,37748e28571d8843bea0ca0fa6e380c3848eccc650313a385d1a88fc848a9f53,0
NCT05767567,0,80e4e74af5f9abffe4f8df2d362564b6d695f038062062af8f67d3735fc51e9a,2
NCT05933460,2,fbb4dac17ff10452a320a31bc721c02fc7f36de3bf165eaae4c588e51c9b1c8e,2
NCT03179085,0,2acf5d048636a618e144c08a5eb0edf38de5c0e55fa9629238a1493f1d8cd7f2,1
NCT03829098,0,bc86514340b2d99fa56bd632b76d8ff22962a669838b749870dc10529ef006f1,0
NCT03540069,0,d38bba003b32de9681c2163f59df98939a429357895a96f025152be226a19aa0,0
NCT04679220,1,f295e1ebad08b890b803d5995374dc37b6859706db1cca091601e2456f140205,0
NCT01559454,0,e346c2025589a18f26bcb62eb03d7dced0241e091da0497c7a02e18a4f0180b2,1
NCT05138042,2,8744b64ddb333144dd38fd1ebd12e7939f494914312a69d6e4a0e1e02588fc64,2
NCT03245996,0,0a4a927c43842a3461b483293d1235c69f344c796556f4b4ac976ea36dd4b844,0
NCT05411172,0,b5ca58ea1ee1423b42bb2262e39aaed2dc9c08a5767774e264bf55aaddf7d6ed,0
NCT02627599,1,c705e11ce1d9f0371bf4fabd6d66893934fea1ec76ea43aaa3fc2b794b2ece06,2
NCT03297307,2,4d5dc0ce7dfdf892b33641a220fc6f4f46d0dea2cdc8a3f3d83ca34c392574c2,2
NCT05947708,2,64f28ad5e08df160446d49a218899a1078dcda6fbfdf192c95092661cdd44fdc,2
NCT03401632,1,9ea4b3300809fa0562fa33e367ad604fef7e0aef37eea7d04f6683347dc960b5,0
NCT02964039,0,7822e7056e69770a907efd14cb7b6540a2dcdbb7903d6e4dc3159550cc7a9dd7,0
NCT03950401,1,90292de2452696a95b653c083b0f148ad6ac1d3862ae66d48dd139bc243b355b,0
NCT04822129,0,74e6422791af22cd6fe7f495788e5289c4b70ef21987ba46c1c7effde397af41,0
NCT02639286,2,22afdb686483b4e3a61ba4e8327928401e6c2b9c541de977f5ab424fec264cac,2
NCT00886535,1,ca9180da093052ff03d7d91690951513fc8ceb940e46c4fdb81d322bc381c4a9,1
NCT02852759,1,1ccab56464058b3a23f2ecf821c8f3a9d2fe4972fa5880ae13db04931c6dc8f2,0
NCT02410772,1,5975d6489452c08c647adb7c57fd2a4a12cfcd0b9e76d259d8b613eb90edc9d6,0
NCT04002687,0,b01cd42b59822cdbb2e78a53fa8b711fc1da14b350a35548cbfe985cb2ae8abc,0
NCT04901000,0,c1996adef8681e7918f6ea9f6c37a90f1c252e7c7a0e59d8989e55e451961d0b,1
NCT03071211,1,038dbeba0d7a2e1220068b796a563e0fb408dd6818b002d3e75183af17c43fbb,1
NCT05834374,0,1941f87400b0591a3da857b63fed30a575168040301624575da8fe373ad699c2,2
NCT02800707,2,bc110d3f3c9485d4fe3047555eb4c3724efb5f4eeda5928f405f705a74268c7e,2
NCT04114604,2,b1ddba141a58bdba6d0230d26bf734eec22449cac6488fc9875209c16c9ea340,2
NCT04571073,1,9f3ff4a6f5a081b31eaaf5d20735921f3dcb40e1917a938a6a1c3313df1fd7c0,1
NCT04072809,0,a224327d99ab4b67d012d287722712cd2db85085db561b938fa02516fc8c4221,0
NCT03834831,2,a428c2f5435de8c5f87751df6df26df1a403dbee64b55c50c79c0bf12e490eda,2
NCT03126175,0,3ecb8c283b519d1f20b8a929084b2f14421113025fa998c21904e9a2798f6e53,0
NCT05178394,1,7cf589db2a2142848398f5f580d70bb21e02edc7394186d786f986be8efa0342,2
NCT04449601,2,8b69bcaaa0e2f2014491deaf310f4f0b827a3eb0399f7192615c8369cbcd3efe,2
NCT04788706,0,953ef8ad80019e78173e1ed67f226f79024679d37fe17d4030d2d80696d1b009,2
NCT04174144,1,96394bdab932aebe7022ea242d1e60671bb622a2d38246571e80ba04a56bad15,0
NCT05443113,1,9a75f9198b3e488035284254076804cfdb740b5dbcaa318f67623cdcd4b05e9d,0
NCT02913495,2,ea639fb376be92b46ba3c3252df89bbdc8d23d6123a009a1e347a25ae005478d,1
NCT03020732,1,52baa51f8dfe2258061e0f62f0f911a8234b06ee6dec70764027272274d6832f,1
NCT04299698,1,7bbf3cac7db1c9c63109007e7cc2336f404c845f87b50e8b99d75a09366ccfd0,1
NCT03951454,0,54163c2a16c353b6680346508998aedff6d30e57ca518b8f4ca85a367a4826e3,0
NCT04070664,2,a7aeaf39e57468b3c14f8ab20427b7a3428d49becac975ca147598f53554f642,2
NCT04851626,2,95e2bd730557906f159d233e19ec32456491fc0b8b6b4a99a25799d24b80d29a,2
NCT04846816,1,76b0537ff64fa9d955a576c76d3765983740e95c24820ec5adda917a973495d4,1
NCT03703921,1,327bba1afa8fda8f8b298b298ee2ff135f4f0ad3cb0fc7d6c59d984fa2f550ea,2
NCT03662009,1,031b720b5eb99f0ef168599f620ddcb88c3b910277870980c507e04e56fa8032,1
NCT03903536,0,6450c864763280403ae390fa7aef2ad3e4615979204665a716570168f4891d49,0
NCT03645135,2,49e3a5976b10d0c5a3c42f4286c41fc923628ae4605d369dcbe10c117e0acfcf,2
NCT02526667,0,f5c2176fe0a215b1c8527303c721b3479eba65d61f1d7fee0d06e222f18133a6,0
NCT02650258,0,c66d34b9017f2aab239089d306d497fd721354adf4d988994755baeeb60420e8,0
NCT06052007,0,4ead6d26bd0e96795db6b72213c2e322912f010c0427cde30dcb5937372f4861,0
NCT01788657,1,3b582a17e8457afd8ce1d6166f4a741112596f32e6b2fc6d18d5682ff4f204f4,0
NCT00028340,0,3e87a752fcb35740129e2e72b4c3e3cc1cf1ace2eec6456be436f5d78415db32,0
NCT02833935,0,4fe7ff97752c4580a94a82c8bc8d6a1b996624382ba06029142e81c93a89091b,2
NCT04590495,2,095b0ac87b12d139f983bf0ab0e9fa447aee60f9180beb5dd2fc9387a52cc457,2
NCT03304743,2,e2f47054530cb9aa034844ff88cde8872cf8be0fe5e4beecc9688e47a9ac9616,2
NCT06116448,1,b636c0a9417f270eac366078e23abe180000f36bdf09c07078a6e297382ce483,0
NCT03326089,0,e8517fca59e412ada3d94e4814862c2b08ec3e61b5beaff9397307f869b3f362,1
NCT03047252,0,424e8c5d982a6e5f45283257b96c521b036bf9e6a88b3742d5d3887ce939db5e,0
NCT02702258,0,08476c862c40bcae2d8d2280a121b08cc0de8ebb52c74282d6c2f2eb7c10cd22,0
NCT00226499,0,731b85ccf0e387213708e73b7e28f398f44087cc779736e5b3f430f4a0f6fd93,0
NCT05307068,2,19e2ad5a7f77108a08cba974b8e2792111080b275a5573ae48db4f1e8ef7f8ed,2
NCT03072069,0,634caba14018f36c8bb6207c29a8b185b433efe0d047611a0b12d2cb28d7b317,1
NCT00368199,0,2e4de391eeb0161493f54b1182efed8a6bea35c53de9aa3a99d94f272aa5e165,0
NCT03954093,0,5fb4efecce985ad0aa2719aa6eed945bcdbdc83ed27ce564a37483e087828807,2
NCT03926273,1,2585c4d45495e16c300cad7fbd0fda07de2d29e8fe788d5f37fb50ba27d96b54,0
NCT03963869,0,f5b1a72c1858b9c35b648da1b43e934ba99675eb841da62a0bae1fdebba085bf,1
NCT04342988,2,9eadcadfc18cb555d25dc294127473089b7f436f37ca649b6f3687eb9a28960a,2
NCT04398264,0,1048adc5cd302f504469be1ec1d50115c059d26b9bee3be5e994511df692bd84,1
NCT05270655,2,13bf50b41294573b615fa1bf1dfc8d019c3db06be483dd4a337eea982a7046a4,2
NCT04307641,0,9860ff19257a997382d130f2dc4204439ff895d72e5c20ca4eda4d33e5357fae,0
NCT05927740,1,8705dc0f933d24e20aae92ed7fe790355631198ab190b2e6949edb2f207ad339,1
NCT04111601,0,22814ba99ffe3989efc4324949cf586903daa08f067739511a66176921e1ef5f,1
NCT03545594,2,8ac6225df43f968bb493fafabf6496896175491fe2d0ceb5c17c89cacfcef820,2
NCT03176004,0,de751e83f2f8dcd623ce0bc22b86bb9ce726d93c8df58a4bc8f9701202413ad8,0
NCT05508997,0,efe48edfc11520378b734a610836d91029ea65e57ada5e31670ae7a748958ae4,0
NCT05430295,1,271dfc6aedc920dbb2614a7ac42d9673855e5c6f0adc3f07ae138c8ba30ee339,2
NCT04917549,0,1f3babc841c94526eea5079d6456c263959364501460d47acb0fa80c9e1c59c5,2
NCT03459118,0,a25a1247e0bd413f1513cff57673aecf63871691779a1f5fd67b107a513fb72f,0
NCT04615286,0,3789246cd6bec7cbe976c490ec0817a84c6e98dd3af3a05c18f01c5ffb3df69b,0
NCT03348709,0,f279175fda8a1d75fff9365c986bc1bb363c4bec29e0f52f1358d853d490e1de,0
NCT00765791,2,8374f607b716fdefbd4cc36339bce171c009d9f63ee29a73117c1789dd261425,2
NCT03353649,0,b06d9323049b95015020c4c6f31b6bec1833aedebdadfa3a5a83b7b3ac927dea,0
NCT03819426,1,ef3b636865348b099f8cd8c41eb2e72236242207917ff602ab93c770ad3ca5d4,0
NCT03681327,0,fef4c615ba24dee0e72eeea0d42eab046c8ed5556a629a5bb3b1471b50eca9f7,0
NCT06046781,0,4eb5cfbec65fcc8d43a5b62fbf9e9125c6dd16082a09bc4d72a6e2ea7aa1c255,1
NCT01331551,1,d5f99c40970e17d7edeefb06d7b4bb958049501a1f747cdad72195026a2272d7,0
NCT05267197,0,2868735f57e551e0645f5eec7394442244968f78d5c5cad8f9acbc0e4b205510,1
NCT05878379,2,6c4cef9546121990068de9c5272381dad4832b44b4338ae8b8df6bffad6af047,2
NCT05596604,2,112e84374b0d767b28c45bbd38a908e177ba1df72764348d538136b8c131b9ec,2
NCT02926950,0,d6304ff7b392c3703f640c5c7e0e955f6d6fb64cbb5028cbb1f94b25040a0abf,0
NCT04170517,2,870896501069c69441b81d847cd4acd73dd4721efbf9117612a928bcf67576e0,2
NCT04391374,0,e39e20d8a271132172917c98a7f47f11cd038518437f78585c2ab0dee048f7a5,1
NCT04850677,0,a65ed60613e0b22b805ce483d62955056a937061b5fc0bb33ea055279c50cc71,1
NCT03250650,2,1ccbe180d0498e3ae83dd8bf076bb48180e323d1c8bcc79fe15f8f283791cf98,2
NCT03917992,0,4c7c2b8c0402956f0d4d3c2a3070ae9db8a6d2906fd8db7a945d50a89272b9ef,1
NCT05225155,1,ddcd95b569672a2fd487fdd4aabd8d0f8396689fb64c2ae672b033e63776a106,1
NCT05481190,1,a6699264663fef7c3e2edc86cf6cff0e3c7029601987c37864bf83e20e1105d2,2
NCT05941078,2,e8e49ada42cf290a702436ba0d30460ba65d9acb96b1527b687bce73774f3161,2
NCT05488223,0,74e63a132f77ab0f8e6c076c53d80a086a74cc3b645a1b2d1c3c2649b8dc38db,0
NCT04227652,2,a330838b863d958778118cd9eecfd29174bf556ccb4e5c29deca959a5d05a655,2
NCT02657772,1,3e4f37356ea7cc754560319ed0c388a01e083d22f19507db1e0f1105de32cf5b,2
NCT03404518,2,f17072e5af86ab708c476b658de96a558f50585929b269d9076aa8b5216f7797,2
NCT05155228,2,90d86eea49da51e616be9a7960bf171ed93e166827e70b132e6644cb496e23a5,2
NCT05958329,1,751e9ed0f495ae176697301ba0d95596bd25b5a3832e7e4011a163858c3a156d,2
NCT02634294,1,9c872a6e1bc54f676bf3930fb8831244c52a5c17cd508b7b9610e6f3c81ea0bd,2
NCT03086057,0,d3497bb2f66c6b560511b33efdd46944d14c3ae642704ac9112850835a42999d,0
NCT03550430,0,0259f528e81d44292cd81363d6dcc10ee8c7cd67298329d6ff9941723592e39d,0
NCT06074172,0,d97712d7dba293f14057897a3f6f9b9189a8495865e13cc46dd74c69b8d7fe57,0
NCT03699007,0,7f0f9f5cd4c13c723f0e5ea14ade22e221a9f9b4d11565db9d2dc4f8a1da174d,0
NCT04213482,0,aa4a0cd72f862f5775c9176eb89cfdeeb2544a3b21ac68f4a229a1a67a34dd3d,1
NCT02070861,2,63622da2a1f7575c70196f5fc9053fe5a427fad1427bf92929229edf5b35ccda,2
NCT03880838,0,f2e848d36bee253c357d50b332091af7d3c07129eeba66bc990808d162ccaf8e,0
NCT05725278,0,54372de7f158f967ac47a4b8d82e6b579d31cc5e1ff0566f945cfc33fa0e42e9,2
NCT01862536,0,9fd3cdb3806d444c47c976b3e6557bacaa11a1a37cb0f6818cbc9a2ec9bcab9d,0
NCT04335825,0,d39fe80f286e72313a5935753bc320e4922fd51a5ce63b9a760612ecc3f13c16,0
NCT05098223,1,3115c5fb851db794fb171b9bea4b2215765dcc7ad984784c4b45434bcdd9a1e3,1
NCT05420272,1,358822bf742218da60cfabedd163ee19062844d013a95e282b3e70f54bb81f33,1
NCT04070833,0,4dacb82e85fc08c4e0ef441a79cf8b208c3840ee1ddf09eec94678980b780fc0,2
NCT02793609,1,44aa4f24dc408e7b924b5513614c803be10b218cb489800ae597c7ef0f25ac2e,1
NCT05668442,0,b62c97e27f6bf4dc9a3c8369875ca1643838a3a12357c603460ddc5f6850fe71,1
NCT02997046,1,33a81f655be0c58f04e734d4069d20cd691e86efc2575b2137d20ecf38a8e46a,1
NCT06077266,0,dcce9685eceb648a8f6125eac3a9f04bab714169b7d64a6e0c3ebb33ab7098dd,1
NCT04251273,2,12fc99662295145b7049dccf983495c96ff59246e2fc72cae0d3221c37665aeb,2
NCT04222777,0,dbdbd0d13e40c725171627ba513c6bab8b76c7347b630791d37eaed905296ccd,0
NCT04858945,0,e8448f41b4e75dd18e5eba3e3035fcb07bae4a3b7a143e6bc37d3edefa17af7f,2
NCT05098795,0,055ebe89f7a1ab0ba37dcacfb3cd5523634baa5197a61f9fb276910ed073e080,0
NCT03532789,1,7c40f7c243137552116eac9cbbdc126b099937fd4555583ea17da855a7d85dac,0
NCT04723446,0,d011b3df6eeb293df7da0b1dd042996e542eba761685c5c5ad5df9cd1e3b6931,2
NCT03853408,0,1de475ecef84350f32b9ce33bd6caa15f9edde05d73414bce20a69b7ccf4b242,1
NCT03866590,1,00739dc909877857794a31f05c5aee2ff7e0a1d8cc13b3ed976a084911467f63,2
NCT02899754,0,2ec761d8e545cdf589dfbefa3808b880237eeef70b95f32626ac1679b1efc3a0,2
NCT04620746,0,229359b83e70e78fa0c07bbf784f160dbeff2c820010aaab33e8819547f1a8b9,0
NCT04761094,0,dd9f47f2fd5249ae5de7ee2fd5aaaa8677e24dca3560c2e2364704efc3c5c2ed,1
NCT03141307,1,2dff4073a63bbc71cd6d6340faa1e9859bff31969673b8e90dcdeba73681b75c,2
NCT06047418,1,ef8725a7bce049b8fb54398625028349dba15f05294d513bc555024f332039ed,1
NCT03400059,2,732b8e2f17422b2f8631297526e9ece0f6ea05cbd709d960a251cf2972a0086a,2
NCT05951361,0,62f8d06100dc06858888bd70bc7e11b8fb7139c83fa7163e1744cecfc8f621c6,0
NCT05320211,0,5c0aa88c05d524892b29e7ed2b2d2d15d625b13f61bfc050b60636c1b19fd4fb,0
NCT05820022,0,84f1d1807f1c86a5e0b24139f412345fc8eecb75fa8342bb1b11b4c324420212,1
NCT04696445,1,6c6df2f57b4b5cce1d593a67d6cbf0e56943037b06c83c3b9b2c113027945279,1
NCT04673916,1,10cfbe0edbaa29442db0cfc63f2226c578ba7d5039c8b6d70a593a1aa2130532,0
NCT01730066,1,c43af72641700f4871d545e4226054a454e74c8519404cfdd0492e3b25e9e8eb,0
NCT04879459,2,17ebf2b3616e26d591e11222c7f39b590e682236e9d4685c9a746e069c12c5f3,2
NCT05917886,0,a6bc59e335e820b21459abea630652d7df962063da21011648b7b605d553890e,0
NCT02805257,2,319e1633ae7cb1331fd54e431106549961c4c2419d593e664887283700a12992,2
NCT02585336,0,2c8eefd3c702f76993df0f43913b186e7450357f3e26930a6230c69e213ec1a4,0
NCT04866316,2,54553cb090d55eafc81e1a776993f09f82d7eb0b98466b63d5d7b597eeaf99e8,2
NCT03472781,2,151eae6c17e79a208559e04b46247e00f30260e33a39b6df557cd3f0e360a008,2
NCT05377892,1,38fd734362515798b40f5dda491f0255832ac21fb8e907728dee2fe5d3a29d68,0
NCT03054987,0,fd4617e3ba01f49b50f2d8d98a42781dc9469b228ea590ddccae0daa2d6bef79,0
NCT04185623,1,5a0a1d239d3b810a2900cca70f6d3a8fa14b97ac792178c140501b1bb3625e50,0
NCT04660695,0,5ee0c4949b5a7d0b3155a4864766ff7a3ddccf336ea24c901a24dfaf173b472d,1
NCT03834779,2,c7a5e5bcabb97fba991b34e8da27d9f685ced0a44fe553744ad1dfbc3a04bf15,2
NCT02710045,0,71d25dfe4a8734c797501f7f153d8785239564d48ec80bf8b4580daafde102e7,2
NCT04279093,0,773fc2686d5757762e24d5d0c1169468053c2134642935db48a8d2c641e9a769,1
NCT02787044,0,3672f180389ed6fc0bb828080f8e13377fcffb79c2d08eb3aedecac36fd0754a,0
NCT04536324,0,8feb56afe8916c0e3c9d0ae0ad914900ec0f0359c22d9bbca14de7845cb6f67b,0
NCT04554017,0,80cdd0c0a2757861e88e5d443c11f9853ba2d15f6be683bc8214c18c370b5269,0
NCT03515772,0,03bcef5d0124e6e90513e57a0714ccd8cfb775e9d32be6f090a9248ce781a289,0
NCT04041999,0,46c23512391b4293696368e6e02615002911d38b5b0befb3dae45acba19eccf0,0
NCT04130620,0,d96f96ee6a8f72ccce069c9100335643e0a26251ffc05683bf862f691a9311ad,0
NCT04470375,2,4b52e3dd0e7e8912cce35a14761742816c8098c84b0e1d80610ee716649e0dc3,2
NCT03125941,2,794d68e6bb5137c923a257dd5efb5bab65c6154e910dd623cb627713b78026ff,2
NCT04423315,0,8c1328c6d557d4ed8dcb611200a5b71b7a20e5ba914dbba5dcdd9d95ea7b4665,1
NCT03647566,2,e7c8808acab4f539fbbb99a526a6f9737ca77fa94b6e1f7d6a2080cce79b69e2,2
NCT03705377,0,f959be4d04f5104b09441e1974e036ac18ddba49ea7b81d6a2c7f10984d7adaa,0
NCT05318144,1,83811f128373dee2f691632fef3df2e138ed269858d2be90a047ddfc46b569e6,2
NCT04172467,1,b53d6e0a1808223c17f11b06c7407a747d4d8c57cf865e4340b346b8da744e2b,2
NCT03092609,0,d1ef8062cd4e5254e80d09dfb6a93edb93a5ebcd1b762b1f0d03b4e39e0837d2,0
NCT04942288,2,a57ffe0e98ca5237434fc4c28d1c6b6fd68b5af89d66b1755aba8c76443280ca,2
NCT03296891,0,16b5532ea1d913eaf00395a9ab0cb4f65562101aebb59d58bee69d144338a058,2
NCT04061096,0,bb6d16d5db0163290cb963b8151ccaa8ae31e0da5cad1b8782575a84cbcfc463,2
NCT05999890,0,3d7d4c6c88daf863a9ca4e463d77f69c748dc7c88c743502b03dc82d4ca8ad80,2
NCT03156010,2,b6be6e371fafe1b844293a224df27a5b98921f7a160c6222a7377dac8b9386c1,2
NCT02756858,1,3ea05a9b5fa9bd062b1b74acc4c48951e9e07eb9919644a9069aa8886f71a18a,0
NCT03077646,2,8564d3400da3da72b6245d58e3e31a6fbcff061e340add10221b8dadfd9c1494,2
NCT03664362,2,b1435228b220d07c23c5058922a3e62230bdd95c98bc942e6c46e39b6813fabf,0
NCT03708107,0,7ef9ba7e91aefe7fb4347d2446c976e114a5998dd918d540dce87b0cfe1e7c57,0
NCT04350983,0,d1400c3f6a8fa4583bf82e60ff20403a79db0c0c99dd1c55ebf7dddacb3ffd4c,0
NCT03194256,0,a125c71608a3d67d8dd9464542cded3a88d95b721bbfca52a62d8d28deceb6c8,0
NCT00647348,1,83bbfcbe679fc105d9bbe799dbbb233cf282ade99a3d5d2a09a6e7f8be959175,0
NCT04771390,0,3aa08d8dea9241fd7d5f02bb235e0711c191d7809024ca97f51f02583b3b625b,2
NCT02644291,2,1d22ef845f2c7a0a64e49b1062055b1e9c9006f27e1f6d284df4969a040c4a0e,1
NCT03965507,2,0acb082754b1566b906f33e3b9b9823a86bf524cffdaf7a977df555e1604a086,2
NCT05759416,1,8a22ef07ba2e3d8e1dfdfbcc1844aa6600fba283e843b48cd3199402316f8781,0
NCT05413512,2,0a173828158042a8a92d3a4faff0583dda79872ea08e3ad9cee79fb96020f71a,2
NCT03453346,2,f1aec2822437b59e7530f8eefeec3d33faf7dfb45e88b091f3a2b11e008e35a6,2
NCT05007704,2,56712af1bb810bee861e9fc8adce35d63e7363eca936e9e66c137b57d33f6e44,1
NCT05394961,2,e9d50ccc7b9726f279b3819ef63d12d213384500d581d5205e3e589269d74848,2
NCT04416685,1,43444683e8db761e8fda719cd95c3b3f96d1e5d39eadff2cf9a23a7cbc160964,1
NCT03557294,0,b8c94aba1b3efd4a4f259b97a2b7d5fa7992434c72e52c922ee0a7c3b3733c28,1
NCT03888235,0,a17564aa04fcccb69b0fd3ccb3ae813f3d3e750b74637fbb7f20743f58cec267,0
NCT04516525,0,1fc8211211644cdc73843def8c5a68b384c43585d29ee367d5d7dd58e93173c3,2
NCT01450306,0,7a0e1238f10c9f3127c2f294d02e10401941f50455732255c2d58fea7da3a248,0
NCT04010695,2,11a6f744ec7489bc8329618da49325b3f68e99d2aabda67c3ae32cae5f1ca79c,2
NCT04435782,0,cd9216b8156ac44845b9021dffec58338ad615144c0574ccaf10697d50b094d9,0
NCT02854462,0,07db04ab2c9c388a73c482876d90dafa092f39a78b7cd4ad830933637d73b0ae,0
NCT02340819,2,3d77560d1c8dc298467db7e79423d05f8b265af582415dc4313fddecaae7de67,2
NCT01554618,0,0c8a9b0eb9eb9384ae6ac3c0c24b6fe9096abb99cee2c1500749158656a5388f,0
NCT03090802,0,2abecc13c6739506721c2873df64525a7dc2115cee48f692e0a0a75f9deed062,0
NCT04137315,1,ead79df0b83273ea0bec00952f3b9e798456fd4e7c0508f3c26d8dfaa8b747d9,2
NCT02687256,2,e864a80fce9ca53a2715ba9d663dd451ca778ec92aace101ff2d3c50f4546566,2
NCT03080038,0,f236f20747f73d7e88c7c00cfcf1acf341a0cbb7157d1331e57b1616547608a8,0
NCT04661969,1,433ffb149ae873c969c9ed90b50e614f03a090815c57cbb8c28a127dbc5a8443,1
NCT05851001,0,55eb9fd06b1948c1bd6c78b04c6332629005475cb9f3713263f4f5e8db0cdb7a,1
NCT05441059,2,2c1b2862bd38cae01d14c2e77e40252b71408e99a7bf5f719d5482c7e5987c6b,2
NCT02740478,1,14d26b97bbcb34c165be89532554326917e29d6c068f2a331d9809a4f8a71efb,2
NCT03285061,2,c8dd7c0297b7c47d10ad9c642039a89d418dff5e912226631365f08d42ac5ed7,2
NCT03280849,1,3a5abb29544781c3a72e35f634f72a49d8cb64e7b4708087f44d1fb0477faea3,2
NCT04693078,0,8541127d55122836a0d110be5945c2562a555870048fd0e529604577af10589a,2
NCT05050981,1,d8bd6bab93fbdf0628786a4d4eddeebb364ed1eaa9695bc254b73cb1a2b2c38e,2
NCT03061474,0,de46eb3ffeae0f96e300f0239ccf012ea1a06da2c95709cd5c878e444226ba84,0
NCT04525742,1,544b5cb22c1b024a8ea47c5347c452df057066e99f07028e5eef41e9d72ba920,0
NCT03477357,1,b4e207fd0ab33d4d01553d7342e8a8c791b914e9f3fdf534c8e5a324e6229144,2
NCT05172674,0,2bbe31aa724827566bdb43e6b91c255936b269dc13e6b853891ff8fbfbc95206,1
NCT04830150,2,64083539554f9f7c00c3eca03b6e1be702de877249977539d8422e8ba6286927,2
NCT05190900,2,35cbe2e46aa9a28809a603445a6dce2f2d8532846ed5d5a61726dba659b7ea31,2
NCT02901080,0,db61696d4fe78b8495adbe9b800bd55c6651519cbe4479fb9f65dde5c3b14d39,2
NCT04333732,0,562278009cc08e5c47b18e41795b254b9415f51c1f12afd31e0933e15e58e2a0,0
NCT03708445,0,3312c3162cbf4f3893a1e8b408e7eb388861493b041e809f86df27521709217b,0
NCT03603613,2,80bf9bda00253d54d63536b5ab2867bf2fbe4a72f3395be81a75e1a3aad5be0d,2
NCT02796443,0,f31ca8f2197d50cca3e4727bfe99442a56fc54bc26e3dcea998c9a0addbe15f2,0
NCT05888207,0,e63b7257a457210527f0a1ba18ba52b088566599fbc7db86851c28190fe2e169,0
NCT01745510,2,e3356840d01b4f5284568adb784a36bd93e90882a451cf614ef97109932f4dff,2
NCT03771833,1,7fda1ae1e4ce8a0aca03c8fb5c15899c732d991d107831df50224034003cacb3,2
NCT02827942,1,34afbbf3b87e73e98710b4fc9c84b7ca6fa1cab9ee453249d6269c4388eded91,2
NCT03967574,0,e1b6b70049356dba4ff14b11f444df55f2d54cd1dbdeae650f500d6af1818b7d,1
NCT03548831,1,4913fc29f85368f45df74a566375483e341eb93f2aebf41c83c9fe540af39a7d,1
NCT05021653,2,a726378e17e070a4c6c02feb0d073e8a9d4d6781e9ac48b9eb7ada4725573be1,2
NCT05856604,2,c3ba33848584eaa7e56c9a1e19ee9bc180ab80bf87934a5f117b2d670fbad91e,2
NCT04343989,0,aeee9cfb6d3346654c8393e800763164d1bd668e0c57837076d40b7538161cbe,0
NCT04379284,2,4ffdb686c1095029e0878924550e4ada2b1d6987f14c3177456adbb2c0fdabca,2
NCT05118542,0,92b935d81cc10b84e93a7d2e8ab529336dc3c6efb8640b904d7c2e3b31670927,2
NCT02702843,0,927236bb6a6b8d2e4870e47f56e326a9fd6a062d605196c382f1d94ce6492c2c,0
NCT05930847,0,fdbdc3df46660d278cae4b8d9aa46e5bbf110c19c90fd8b0ec69e313e586dcf2,0
NCT03270241,1,990d7af99342f01ae5824ef75208c5f55da50e93b394c2826ccf7518baa0905c,1
NCT03150407,2,6f1aaadebf5b997b87f79b813c4ab7c5470fadefd4dc1ee9778ff14f7c43dd1a,2
NCT04439591,2,78c1c6b31f42a50918f8fe42b59a75363e3ceefb81398568d7252b6b60748f6e,2
NCT04102540,0,88718386560357f195b0b92064d5ac335f51cd9f2ccb2895876165e1837f6b04,0
NCT03276871,2,d2e0b4e8c1082633c49e122b30753924dc31c62ae0bc6b7906f97b02d095e4e6,2
NCT02384551,2,9213964b4a0a66c97fed89ea6e221eb5a11f1eddecfa2cd27f39033a29b492b1,2
NCT04450823,0,a71e79a9d5d89532346768ebe04615f3ed344f56232356c673795a38cba0015f,0
NCT05006391,0,9c03800838e1d77fcf838c3a152b54fb58f0509b09f5b2ce20e89655445295f3,0
NCT04866303,0,cdbec4a6faeab41fd3eb1adfbcb09db83a2f687b50934b6af1b7051d83767d71,2
NCT04854551,0,a289b5c33c8c8cc45aa83a1d60aed3f8054ef8fbd3b603f02655f9bcb2c8acd4,1
NCT04198558,0,23566d962d556293f39bac77af3060282e9846a12f51c0fbfe41d96c73473b63,0
NCT04688840,1,26b159919b627314ac06d1be008bd31ad8db8104f3214744c1934e26f5037c24,1
NCT04781842,0,81eb4d16a3d67657711754a5a973b2e1ef767bd57808f9a89ff140158702e424,0
NCT05251064,2,1656e71e9172aec8bd09215b48f3f7d81d64c177332a4d8099394d20038c6313,2
NCT03781076,0,a9ab6566bbc2fe2dca4cf681eaa37456be163aaa4dca7a921f333a1fe7ed8f48,1
NCT04253704,0,b847de1c6afac566618a3c26e7fda81bc338781a449640c4e229239c484c0fb7,2
NCT03450369,1,8a68302e45c0c75456bbe425d1744fd3c6ce6566b330e41254f0930fd1c94946,2
NCT05515913,1,a6f8543d1be78168d1b3b22b87c2d428673736b285d4c5768c106e12df29a8dc,1
NCT02803567,2,2b6fb5a5df081bb35b74753f65dc32378484d2a7d92ad2cadb5e915002f98aef,2
NCT02925871,2,35e6dd89548a3c97e32af9e5fedece08b6f753b2863ea69869a568361d0c8950,1
NCT01994811,0,6e2a4fe5f5d861b5b06592b4d1c808d71977e96ac3291d5b798371e608d04202,0
NCT04515745,1,63cea53d7c916f2467d8c90235e7bd2302c52303fabcf2c914937106dd0759e6,2
NCT04068688,0,36c1548d71b3d203e0667f6670c2d2cbe1ab3c252e961c292c620412f3260f9e,0
NCT05822674,0,1e17b0e3494c679aa1c2a0fb30526e71f1cc177939bf9600ea70336a1bbdc1b4,1
NCT05844215,1,cf42aa6e3d8c5d90106cb39f8ce38233e3b86af218bb16ecca55c5f7f612c545,1
NCT04402827,1,44ed1135a989ecc7658b7ba979974384cac5e047a0727590ddd73cc54550db98,1
NCT03543501,1,6423721b067a23bd58a6772d3d4b7b65804f168a869b53fc30878eafb731d08c,1
NCT03932240,0,ae236a29cd78f1fa72623c713d77112dca469028ea6a4f4957b3b8a7645eae45,0
NCT03040921,2,b35d7a97db6463700f622b9e69b99ae552fca2735c32c9e1f2ab62f176c06d63,2
NCT03690752,1,3e7c459ea8566844edebe7e5cbbab55ad959d1c2e2a4126a703c666f4a5f9817,0
NCT03697057,0,ddf3d0ec5cca8f8246823dd978faef6023c9a8f3237adcb594d4a8cdb5a97925,2
NCT05029206,1,d6d0f539ea489edc2814f2fad76c58bdb735a4df4521bf2ae8f830206e7d055b,0
NCT04470219,1,1c9e60b7314848e484e18e801531b79848acaf994a3de33d9327cb14167d8d2c,0
NCT04416867,0,bf1362aed6f4aabe8705bda38b505626133505cdf7f1d9aa8ac2314c11d72ba4,0
NCT03131349,1,59d67efa40950a3551d85baaad241e225a52c9754458f4de0419cebeee3b399e,1
NCT02771132,0,a0dd216679f63a9f7327b506d1775d0e92739ddf2a569257e57f146c4cb8d69b,2
NCT04643236,2,2d0adf8c60eb23bc583b287abfeea81edf5bb251f8053a3dc69640b78ef2fc8c,2
NCT02920749,0,e226bcd6c043002e7f9d2c2c0286b20d309dfcca408aa5d1b8d0a2c5372ffec7,0
NCT04491539,2,4eab557936ad513da987ca7908c9b08b780d13c66e6ac266f82ee67cee434474,2
NCT04490551,0,90ad380d022fba5d43d816a58624277750954c13f523df860ad27723b8e379eb,2
NCT03842319,1,5f3fba7aeeb077454de2aa4edd4f7ed0982845adfecdd3a131fe635c0bfc6da3,1
NCT05002062,2,8b9799ea9ccbb3ac92c4e631cc40484683e1b7d5a09af1947f3adfaf27c49934,2
NCT03344198,1,3643450f1b952fdb42e721fccb00a8cd03deb8ab5708cb5984aa53421a111fe4,0
NCT00056719,1,099c6dd38892a64ac3fe5dd8953afbc88a5137af9860f39e05938f796378cfa3,1
NCT00998530,0,dc9e3a2008a070d503d34d8c6899aaf0dbbec0bfe04546d56b755daf6acf0ded,0
NCT03452956,1,1a6ffe59daeb5e3e183cff02fcb48a765e6dc4694adcdf6b1b3eda715defcf17,0
NCT04207151,2,37f9c0b628a954d52295ffe544674d4b3e777abcbb5591c7390a4389583ff01b,2
NCT05502328,2,e5957a7583a32f9468f2f50b11d4d7566c0c45740023a58c32e8f01409552de2,2
NCT04664205,0,e4f3f3413b01632fce3d4e0485b8bfae715716704bf1801e4db585bde44d252c,0
NCT05335408,2,f8e2ae9813bb5f17fc3b83c3faaf4ef858c65ffbc1d32892af68238f13fdcd50,2
NCT05853237,0,76b75534acf35c307efd99f2b6afadc587a5bd37d7ccefce16f41a6ad43db7bc,0
NCT04463355,0,c01a59ef60e7c4004356332f919ed636740e1c5a65bc20c4a0db364103cf3910,0
NCT05228730,0,4d92c573cafa0aa74ca2a733011cad8fa7715b90b258134c5fee445d5fe16d84,0
NCT03417440,0,6befcd797053edf26593da11725a791880f9894214e59fe968e8dcdc4409b8d1,0
NCT05908929,2,07949adbd4183e259e93cda8927f6efbc314e5dd9ee6000b9745e245be5798a6,1
NCT02739464,0,0e090688a2d7f1d37d56d4a201fe2eca48907bd6f0b42229f3c89ae004f7b16f,0
NCT04685980,1,4167dcd11822c2b0c6c2ad11d4794e1bad5ffff231bd3711f9a6e3688b6d99e6,1
NCT03380026,0,7c0f4bab75efabb3e829dd3a612989d1a6eb34a86e76af3c6101ee32b1666489,0
NCT05780216,2,b7ca26acb38d5dabc1b4d61fea102b31ff62befe553ddc0e7505a43e095eddfc,2
NCT03380520,0,34347c948bffd7939eee1b3c6f9c849c29b6085ddb191af06e4b832e316f5458,1
NCT03101514,1,1d4d99c5e8a3b3350f16af3f1a4f29b729f6e2d2193b2791c5230e97093f4740,2
NCT03103763,2,d23b529192d863943e1748a062d67638c3efec842091ea0b42162a6f825f3e73,2
NCT04799197,0,cb7a8dcf056e7f5623bd953138cd3e34d7a9e37b0479aa90f7a95dea1ef803ca,1
NCT02787590,1,92f095d4fbf0ec91b9ac6400b2a78219818101931ef3b755b27a17ac222ff97e,0
NCT03666403,1,b7d9689fca0d6a5c57299632cf42e30cb1667eeb0a9a5c7261500d6671a8cd58,1
NCT03562962,0,9fa2a098310ef36b2a0746f47894bfb5085fdce43b2891c9b45de63052bb7d88,0
NCT03874156,0,094f959911137e315eae6e424de2c92a54786f3a30d8db38c70276dcef5b7fc7,0
NCT04143165,2,cb772615d5ce8a07e52c58dfefa07b10733d2831fe00dce3e7048c79feafa05c,2
NCT01942096,1,7645a892d91629f1becabf513fdbd4d8e677359210ac41f6ae218d32f2ae0054,0
NCT03277846,0,1897e76cc17cd070d0c5598074bd3c5c8b2c2fc6cb5909b63b98d18785927c09,0
NCT05019924,0,d59542fe5ca7b636a1f0eb2120771e9f39170baa983f6a8a780b32d61da0bb27,1
NCT05852899,1,730be39f2cb36cf5b7f6061aa03630821664d4a20bfb258bf380f9a6cd03d79c,1
NCT05674500,2,e73eda68c4282d0577c64cd086cf853c5aaf453c92d5b698107367df37510dfb,2
NCT02725905,2,3ffb29b10864c593004773a45e2024974f166118d164e8983160362d5d30b660,2
NCT05407701,0,1e4fbaee3d535f9f651308200055a7e79ea12ce4b3fd8f0b9b2845e1896b4a4d,0
NCT03784794,1,41161ec5dce7303b3c9072dce565c09d8a91f4a548b6e3b7dc780b4a0abdf2ef,0
NCT03638310,1,88ef0d11c5d18345858d949072ea18e988abf2a4e2e599580b282a1649691cf2,1
NCT03765931,0,ca8272d3ca96dd3447fd0b5b887c5612636f4eb80c418b9fa52ea2be39a129a6,0
NCT04511325,1,070342ec9182e417a9fa4137dd38ae6a23acd62708ad8dbf139604c09395fbad,0
NCT03709654,1,3084c321d6db55215ef6d946f531975da60b2d8db9d91351fc4434efbb68b447,2
NCT04038658,1,b5cb01bcd91ff238c6330168038b5dacf7a1d3aa98cc223bcbcaf62b6735fbfb,0
NCT00965575,1,ebce7ba0abab966d74da5a1933b090b16aa6821f3b6802f59255d3fa939cffa8,2
NCT04547283,0,5500206deacb29cf7b1ab4a4564635aa36c29f9eb5e43fe729f4fadf423ee226,0
NCT02919774,1,de9922e15559e572ea4e02de670cfd5cfe2f3300f47cff7656b82da79d35047b,0
NCT03668678,1,8e3005d8a326f3cde71524a094ae294b864ceb7fda0876f82f6a01c11625ab54,1
NCT04231799,1,c34d367617649070e5c79d27cfb685c63d7c69bc6b73d722305c63bb08117c91,2
NCT03711006,0,1182d3c3eb4a8b66ae68ea1422a06c2ebf7d5710751d76b8575f4a6acc5b9736,2
NCT03929627,2,b2c49e914bdb805de96b1eb4ac56d4a3cc73bc8ecd09f35981422bd30a34ef5b,2
NCT03896724,0,db7416576cc8ccef9810380df67536888ae1f907ea8f7ef373e4f649a33188ee,0
NCT03668535,0,f01e8229339d0087cd61349af9a9f68e41df0cc4cddcaefdc04ed6a5b27f7fe1,0
NCT04419883,2,dc3552de6acf448aec0e81a517882b5ae50219938387f24ee920789f688d3fd1,2
NCT03379779,1,97a762bb6032b3b85fe008ab537a78b4bd14176dbc69ecadbaf510caad0f5205,0
NCT04516473,2,84160a5b0ee0018642d4462c4d27941959ebe276e544b880efaa6eca2111d125,2
NCT03766165,0,970beae8fa74ca91ab663ecdf75c8ecd0a68a671250b921a64282f91bb3fb8e4,0
NCT05112679,0,f0ad4364d0e061ceedd8f16995f6cc7df5371b5a4c596578e11530fb3613ec8f,0
NCT05276245,0,66112dc7cce3528e15f2382b423dbe9d350f420a67d8e7b1492a4d21847b0683,2
NCT05491707,0,e84ece7f3874c7d2c7c257fa67414f54730c7a9a121192ed6848f0de89a4a661,0
NCT02997865,1,987d4e48fb4182c870a5b616daad167b302ce615fd337f622465c00c3992d492,0
NCT04614272,2,6772c086e38463cc7a81084ab3a6fc086b5b8569a4b532766203a6a58a01ff9e,2
NCT03099044,2,2627d369a61f70fa24a44634c5fadff914888b881735fc67df3ce2eeb425cfeb,2
NCT04209777,0,e5b1a1f04305a2c36ac06de4c11c8c8a5b16cc188c82a7b5da9e65635853eb5e,0
NCT06031701,0,11015de240499e0fd9a15215eb3fe228433e8c8ed40fdc25a3a3f99751cd3ecd,0
NCT05113498,0,1547588a97e03e921f5168d2841dfcaf229b4ee74f59727a6e752f8e6fd84693,2
NCT02685631,1,32351d323db085d347b59e85f769c64beedad7c42316e81a995c1b15419c089d,1
NCT01222260,0,6ca964d202140b83b37091bb25372b33c75baf36e7627b6a9445d2d930db7b68,0
NCT03301116,1,4ec7cfc38f928d57b4d6b050d1b3277f8b9c00f4cc9963c6d6987b156a4a1ab8,0
NCT05976204,0,4248702cd2799c85ea50af7522b522031fe1c882127528570f8d225217e19b09,2
NCT03682653,0,3649e66976e3fdcb592a4f6885cd3972d62dde3ec82450225961dc10fca1a62a,0
NCT05407948,0,378ec446e2a5ac3a5ac97fc7dc457ae86d0189b64590c6f614e8bedd865d7ac5,2
NCT02942550,2,033beb7c494effdc79c83d28135c24ccaec10b354222013a06bf52fa18343412,2
NCT04441229,0,08f48e32eb1bf163c1a43078cd5eeb1b87a4ca38ba1d25991f53d59c966aaa99,0
NCT02585557,0,5789833ab6908ccee082d98e5cd4642ed0f34ef63871296bc28ba8801d32f585,2
NCT03253432,0,9bda0778efdc59a8e5df132429985a5a4f90281b7c32fe28359982ad571691c9,0
NCT02876601,0,6fc21d01d781595660c1c6a3c9d8aabf8110c151b8f9e24666e48fca47f2c7e6,2
NCT03764436,0,bceed6455f64c0b6c89edb1ffedf283e36e90347618ba7309dec3fb582013ac3,0
NCT03033901,0,acec4a050c0b627a289f045a90253de17d8d189f4405ad0ed819827d31e22f1b,0
NCT01781949,0,8be2c2af1336189fca71c478c6d4ad237dfc545e6bf34aac4f7e4bed7c96fcb6,0
NCT03426761,1,0c0b7a06b4d30651716ca401b3ff2082163fe11455bb08d89514a489c8c37379,1
NCT03404791,0,2e34035bfbad408948dcb15d6dea5f3e6e500818a8a3083a7ff801c7e4c898b6,0
NCT04043143,0,cdb6501cdf1dd82971f71ab41a3b92be855426282cf4f84f938d2b69848ad595,2
NCT04496466,1,68d375e24a83e1699a5527eba0628f92b16acbc44a577c9ea36b5708cd535a7d,2
NCT03608124,2,566c8a1633811152c6a24efee786bd2b495b4de4b99904c6dfa41cab5accaf8f,1
NCT05049577,1,aa32125763dfd2d863628d9bca52a1a4f13316ddebab3857e425313c7f00db87,2
NCT03309046,2,be707560cc682be83b7e11020e8417fe7f59da4d8efa47cff0849ce0c562b018,2
NCT03747107,2,9ef814a43c8fc6808177d756761321178a0236aca43a338f299a120faaa1ebc6,2
NCT03041428,0,2f9d2da9885c89d966ec7056bcd5be8f99919d412033afbc301f355d38d3e947,0
NCT04712227,1,a0a44ed8cfc32b7e61befeb99bbff7706808c3fe4dcdf4750a8addb3ffcd4008,0
NCT05500287,2,87308f6545a991d74ace0c471b7a30f05bd45654db760f29741be4963f38e4ea,2
NCT04186702,1,e5e5eb2066790c80b59cfea4b6598f497c1d1160d5e857e9560c455db30c8e2f,2
NCT03093766,0,0b36852c14e98d70757135311442d180a66c9254b07d774e91b80000289ad3b3,1
NCT03789045,0,36fe3892276ad2821d1843ef6d861ca3d053e787797351485758dc52e4dc9888,1
NCT03286140,0,8a12a70e7c6cc1f29b294bb5c8137878215b4b716f02a3599b474d393c469eb0,1
NCT05079581,2,dd1ef085de1c2872a84cb8bd99204b64d3c6fa58b020959141232f8105b17be0,2
NCT04794244,2,8ce4686543c3ca3b0c7a29e6026c32295da7cfaac6d63bbb465c45e982091da2,2
NCT05829603,2,327dbc6dcf1d36f9317bee062be4e55053f07f2cae3815023825a5db7412d76f,2
NCT03191071,0,bd3fa189ee3f3856f490360ef7e9658e71fe8c530289a03032f976b09dd86517,1
NCT04092049,0,62c9cbd94ea7bd368d40ba4746bdf2adea85660f78f5d5ab1daf7f746673542a,1
NCT04487600,0,cb9b75ce95003a5a69c8ee99e399cf522169d29703457fb10741e5092c647bf3,0
NCT04184947,2,f25ad9fd5f4ea4362ef6b0dd8e2e12a4cf4015a04dd0190e7dceaa44f98143de,2
NCT02728401,0,7685ddb41717f8d82ec37de9b0e48cbaa33350cddc52fd68b66945fb699c83d8,0
NCT03722589,0,10bcc749cb2fe22306ce2442357e2ffe82bdbdd01320262534f53376710030dd,0
NCT03622450,2,ebd0c1dc839cb77644c79202178cdb94540ace463097e2c5692cf3d44d3760ea,2
NCT04813770,0,59cb281566ddedbaed581fbb74abe2ac05f6a90a12dc0764020864d644bb6079,0
NCT02674438,2,4ceb62b71da12be792b413394853002b63b75e306fcb2f02a21b4e047c352fcf,2
NCT05736939,2,290b8f72208566d5d89bbd81a4f3b446091476a189da9b842abebf2784f26f01,2
NCT04137354,0,090c0fa9a7a8365bda2878d974cef7b6bf9a987a68b062e444c6f63caad1f68c,2
NCT03745469,1,db333b0b3076965d37bf3a4ecacd462d00617c3de9c889987f99820e8e5733fe,1
NCT04320537,1,ba2712e700c7a901dcbce0ce7e1617ecdcb48b0bbe02d5f9cba256bc087523c9,1
NCT04015856,0,a80bee71eedde972d9a1590639deff76507daf6e61f56edc96414f981af4d4a0,0
NCT04093726,0,c5267abf828cc25c53fe9c79d0db816b9fc61310889b0e4b2840843870a8a6c9,1
NCT02678312,0,b83fea4a3c7a3349afb14b7690817ffb6f9ea437b84f2edcbd0b2678e578de57,0
NCT02563717,0,cc29b9d64c1490c06d23e7fde8a3ad0debd7705a589eacc3ec5ed204f2c8f46c,1
NCT03164512,0,6c5742942dbc1956e0996c37d00ff78fd14b3f4aa258bf8ed964ea563078677b,0
NCT03452761,1,4e6cc798b7c0b92bd7b9396e3f6e17bd1304e505c6967a4857c7d0ac0ad5ddc3,2
NCT04723667,2,9dd6b37217c6a2ec0a50a3608941008fa1d9fccdce909f844db809ca67a54edc,2
NCT05186610,0,98aadd1fefdd69d9c18e23c3613d1fda6c58235ce94a41ef352c3ae29bc8ac60,0
NCT01625286,0,fc09e8856e072c7751c2af2a746fd5a438f8c7e75e8ebcbdd9749358dceb9188,0
NCT05749653,0,97859cf10bc42176bc7f31be13e9b9f86d70ec7ea57db329d7b68c51a8ff6091,1
NCT02984072,2,6a2f62f359e4300969603768b4fc56385e60a80350eab40f641286ed483679de,2
NCT01787916,2,6e7f0ddfed20766b12c0e7459808b30e1203a4c1893e20c8456850080bea1666,2
NCT03393728,1,c7dcb0526abf6c5deee6df3757d25662ebe533f1d9b171700bcab3584651a72f,1
NCT03952260,2,fcc79d550a78f8dbe867709ea5ab116ca086b1116e8b9f2353a75c3bb779a1f9,2
NCT03231826,0,64786ac2f0c23755479fb247e72b8ee12e7d257d8f685d13d0b84c29aa810f2a,1
NCT03333278,1,40a067c262794818fece67f63ffd3e6b5142c7084a218d3cbe60974994868b97,0
NCT03663062,1,bd904e607e240c3bc36806bedb9441536b68ac2f7260e4778b7f5c02edb56c30,2
NCT04628065,2,8f9fc22ea33f6ead97e8d221894fdf3e1b17d477c0493df13fdbb3a298fec217,2
NCT02087150,1,fed40bf6b7f964d921f831b2fa3348f3d3e523c6b4a87eaa38eb23aca64a1854,0
NCT03388528,2,cf1ff7104b051191d9390c183553177508a998aa9b114045884bd9fad2dfc901,2
NCT04603118,0,a53686fd5b98fb93fb111da97331366fa3a6ed16ccbbe4baec56ee91f9f90d98,0
NCT04299204,1,a40941f629291b6193431f073852fac3d565d34f62c55fbb5108a61442e39c0a,1
NCT03971578,2,efb98d418dd37e97f2a22ed7c7bf6e66fe3f34057ba9aeb54a0fca7b7ab9edae,2
NCT03388879,1,68bf558378f6e845a7fb0c177fa34229b0b74cbb117f6fdc57b332ff01fcf6df,1
NCT00081328,0,47d94b84706a58757b642699a2d656799811ce849173a68f44dc54a9ff89a417,0
NCT04919148,0,47a8ca79e9ce0f2394e780a4a58444bf8edf28ed18f1f1c59931e7e0212f24b8,1
NCT04422873,2,e2ae061595f80bd40956a0574ef44a5b97e0ad2428f5f60e1cc239015015a81c,2
NCT02994680,2,7a2fddb5540536a9508254694a8becefe63fe3cc87895f6c4ff9734f6414c9d4,2
NCT03746834,2,ddc5ce6c4024a5c9a07af0d6480b145b37d1ccfd00839fd3ae204099fc187e67,2
NCT04272983,0,21a26d14b491f9aa0aa77b17751526607b7df8063ac91f5500f9a838463e9fa2,2
NCT03690947,0,853d897ae72f67c80f9c6ade8b31c2f2402d97393f579e5ec9d28cba56f72477,0
NCT04003714,1,e16c3f8ae34768ab912b87dffc82a55c72c797f36483d95e5955c0654b97b650,2
NCT03122418,0,89831eed9827a27cece91bfe4e00167937fcf39a2d07ae899ad503f5825bfece,1
NCT04840628,0,749e62081ef1ff6ebabfeb14766cb2b82dcdec293a818b9b5de9cbec9bce72c6,2
NCT02526680,1,08f8fb7b386b210ff9145a6b078f3b09b808e0c8ad6629929d9b8583dfca1504,2
NCT02525783,2,379b35ee8802559189aced1ae8ffb181aa75e76374ac65562b6a174ff06376c5,2
NCT02674919,1,ac0430d6ea1b87cb63e1590ae03c99ed843a86613bcad701f421b914da29b0b2,0
NCT05999071,2,3c67fdbbe01c20ba3798d97f3764c9aa851d5f0e5367b0a9969908b2ad329218,2
NCT02865213,2,f05007892e2cc938dcd92f521e6a78b32bc376d4b62159c7fc437d684c4f1ba8,2
NCT05831410,0,3506537b8f565b6370f94c93a793143a484091998528ceeb6484712c1cb4ecff,0
NCT04368065,0,b843d4df134ac981b2363445dd9864c39b3f96d427c9cc331dc41418667d23ab,0
NCT05226039,1,13c1191dd3c0b2b81b83a22b416f7b354c694cef5fa73b4f620a7c1cdd6dab8f,1
NCT05293743,2,fed6d08ee2b83050bf9c706407607088485205810b36154a07d034bee4b8303c,2
NCT04129151,0,483b7bd0c5600cc8150315f1595323dd1e5820b595e874ba1ced0985570d392c,0
NCT05128708,0,06379adbc6691b4260e43429f4f6c8fa2f1bd1c7fd8ebca4957c26fd5431851e,2
NCT05829707,0,9e5d1f25815ff7c1ba16e81a98252e2d7853793cf7118232bcce07685a97805a,2
NCT01063517,0,3b1926bc07881fcc35ee2f016ea154a22cb12d3eed7fe9a5665415f4d50bd93a,0
NCT04580316,1,4268f8bd41ade1568057b5c09981ef9574c12a8827018dcd744b187fcb95ea29,0
NCT05547815,1,3003bfb84788058a262c711ffe25d06a0a526addd7f7e7066e80d73ce2dc5768,0
NCT03853382,2,18a9895c884fc44c5198c2da2624047e108decafd9bd4a9dca96c7b6f5b22044,2
NCT03142789,1,730c3aad49d82a95c5d90eff96ca385c4954bfafd3534b4fed988a357b0d99eb,1
NCT04758026,0,f4b4f86aa03b82c625075882e7596eee7524f0a3cf18602de943381d887d8d24,0
NCT03678155,2,ef9356feb1575cc83791bba3fbead6b992209f3c107354b5042d5098cc8e8e8a,2
NCT02794896,0,175c746fc2bdb0c7ac7143b8569482deb76851e2ed48cb31a05052e7ebf0bbb9,1
NCT03415334,1,6365fb5aca24aa61cd4406660faf9e63a6820647ac3630710b7946c9e61017c7,1
NCT03940534,1,65d0e039ab8279b9eab5110c8b6a527f6df24b438a85635a1423c0b509db98e8,1
NCT05223842,0,8dbc7ad2903b7a3ca9445494dab20a939d3641420504e15593e46b8acdeb8d7a,0
NCT03198325,1,7bc82e8b933f8d43b5679863a19d0cc76f107d007c15106bff3467328d5c91a6,0
NCT03606772,2,e7b1101d63721efc5cb2f4230900cb09036f5ad54c04d8859a3848726eea8487,2
NCT03874650,0,692611421561894594ba6471c27fcdbd3ed6daa9a0c6a04c40f74810876fb845,0
NCT03467685,2,dc47867f1754ce9f0c29108817530cd5a787f390ef3b7c0be4337759568c379f,2
NCT03646279,2,bef792c78f6020b66f234f092617f7a02717e4bf57b02e0a15b27d43788b4acc,2
NCT05487027,2,fdd75e5e3caa2fba4cd2d6d91392803cee9a5efa14214ba29ac96d7213466a06,2
NCT05054881,2,4bdb4f746df41025b7245892ee665aa770becccb792f548a388b09fec668ce71,0
NCT05771493,2,70c9355e95b06447551437401e99454f6eb67b01dae5abd0903de58d1ccb4256,2
NCT05003128,2,5aeec8dd4bb4d557108a772dd75cfea2ca0bca43abcdc89acaff3b2ad530a76b,2
NCT03648879,1,57ea22e07e69da024fd953a4d00d5819ae1f2047898b50fe0b45194d70c2dc07,0
NCT05790772,1,8ffb8408d72bb196e46902e018717ec9ccc88ebf3eecb607543a237bd23665a9,2
NCT05823597,0,8eec00e229dcbe9e0c86e03c8a5adb75ed932c57d80b94166e7b6ce94d01e1e9,0
NCT04719949,0,970d3a97b2f20afe6815e18a48bf8fded8402af2430cbbe3ba44498993c22028,0
NCT04363944,0,a9db779a0dd445229c9d943109caea0ced94bd5bbbd3f8e0c4835a0b31d82802,0
NCT04642989,2,fb69b2ac3498d610174b24f71b8331aca7605e7a165ced80666b59300eb738d5,2
NCT04808739,1,855f42b43e2c52a331e0c0bf6a53afcfeeb561445a504ae3df940605cecee6b3,2
NCT01950819,0,198124fa8e67d6db61c3a65863b8a5edf1cfb9b89b63e8a5d21841bc783029b4,1
NCT04029675,1,d69960815027387b798324d56419fb38a0c8d083452e6053b4d36536bdc3dca3,2
NCT04009278,1,3d322f59cf230ffb764360764eb593ff0fe97d97e543af5a58ae0a40786c0fd7,2
NCT04796129,1,fdc352137e7baca28361968e1849736d3e6913bea42a7c04f3e403b4414da076,0
NCT01994538,1,f004be11e1e598d01f1177dae283e64e4f613f28b47242b40001f8c728cb1581,0
NCT05648734,0,5e2acf9ad36aceb6a9c4a30d7e5630de289a7ef6c01a1652ec97d21407ce4914,0
NCT05136742,1,96505a01e6086fa123269aed6cc905f1e11221f50692966f678b84c12deff490,0
NCT03758170,0,40ab9a8339a89742717296a2ca559b8c1bfd3cb15ab4d6c397e0350e354236c4,0
NCT03415022,0,8e511600b11083a98086f0b0c2e9f823a884a482722a9574dbafb0a58ae0bff1,0
NCT03251625,1,4eab0e90f97b00c7d3b7289ad9731c8b5176d2f8be49b147af52661d66ff7203,1
NCT05339191,2,e0fdb5fe905c4156adefde649644dbfa052bce6ba06c2ec39c4b16d627c700ae,2
NCT05484947,2,d15cb78230d687e3bc2f54f50f07cb2eb9a1cb5523aef287a828a907222ca383,1
NCT03584425,0,ea931eefee9e0ccc9b8b5a1f9c0ddac0acf5e79163a20660f5ce8691c0798fad,0
NCT03755713,2,24aa20d32fca459bafecac45577a7a678287acfc903372348502a454855051ab,2
NCT04451876,1,f5aa99453294840f645fc68f022e89ad331daf20a351489b944cb687a0fe0b9c,1
NCT03728153,1,19205e82e2c45a55b0949514949cc7f046f34b6a1560f0ec7d6b53a25e31a174,2
NCT02825680,1,a05b05e68b16bdadb528a6dcf20710b594beb4819c94104d42593becbac2f202,2
NCT03287765,0,6621f625d8ca5da819cb10e4ac9940ebbfd0a9fdcc2a34824468489df520c3e8,0
NCT04565223,2,c4ea97db21939d8f45a8c48d29b25d30a26dbe661bc037d77b3d5241857dc082,2
NCT03671772,1,cc2ce9b65a563118d74c0e61b3c4653dac372a65e0b9b11bd18b2bcc04506e2c,1
NCT05063617,2,88e146fc306e18d7a3f4a8205285b2ab540c8e46f41eaa8cab5043e5f4c15a22,2
NCT03945357,2,2383582cc946b9109bbd172311cd51baf28b3b5948c60e0d16987e899d5839ea,2
NCT03837080,0,344fcaed2dee3d8ea1ec9927aec6669b88642143aecf1585e421670b60954459,1
NCT03686150,0,34e0c2d29c9068c44c3be233642a976871d7104e33aeda7f58f762370d9b3684,0
NCT04384354,1,6016318dfddd95980707114e2983174c5ec3e23592f68dd5973b06a68011ed03,1
NCT03600987,2,ca3473a49237b70706034356317c5449723d84cca724d45b24b94ce823c8709b,2
NCT02847026,2,b35fff7f6642ff16cd2e27507d9ad75b78d837d781604a40c838fac818b2fff2,2
NCT01590550,1,6cdafde2360055cc412b07726afe54216032e70ca4a451ad99b12381465c6105,2
NCT03538626,2,1d226145c8e82768414dbac8abc14d6a2aecf9c8759f3519b237a3c293992174,2
NCT04412733,1,0619a2cfe8904d2632eddd918643db2a1c9cf2951282162d735d6046fd16cfc9,2
NCT04151654,1,8eaf1aea045b705bf8b61a382abe9a328b7795077ceee25bd732464a93e4b01c,2
NCT05674097,0,f87705662442fc6bf73f7f3b2e7f7616515305322c19d76f30684cc795c612fc,2
NCT03831347,0,fb41a1c19cde92349371547916dcc95ac659f97dbecb760e88f7653553451058,0
NCT05477394,0,6255f2e0d4f2fa3b902f756c1e83bfd1ec94d14f5504e03107583674d21c2b9e,0
NCT02689089,1,24eacdc236a58585f4acc7b1e1aeec9a6d0b4e3af55de71c64a5930b6ca36ca1,2
NCT05789693,1,63eb49290361d4a8f9341d7f32ab64ea4ffba819d68b604c3a9bec2d1992a44d,1
NCT05203146,0,baa5ad9355e25204e7518f6866e89f9856711b227284a522b72db0a8ed3ddc7f,0
NCT03157063,2,5054c4a7824cf88caaf530e3e5c408a7a4a5af489881fac747c1457cd6f195e0,2
NCT03702712,0,143789ab8e26f6cfc191b0415d653fc4c36244c5b28f13ffd0f27ece714a26ad,0
NCT05309538,0,b93894169d9dc56745d99f4cec4b179ae816558cf81d721a2fdf251b8904d7e7,1
NCT04414839,0,4f3168c0aeb29bd12cd0a59a72ca699114ee449c9840332dd544832c698166f3,1
NCT03935906,0,b45d3d050746f428e648d68bf2bce871af8cb47fa20d222c27590ea45a3539ed,0
NCT01330485,0,c2fcdd9c3210e32f6ea1b5ce99b9bc8f86e2b1687aca2e16e0b7a3c8b997cac5,0
NCT03074799,1,4b82e36c73f1ebd9224d9a4474e95d1808c60a588511700955da6de34f878376,0
NCT03641625,0,382f9f968fe39e79a4d4e7dec7aadf668d894df7feef82a3a499b02a592f10b2,1
NCT04422808,0,68cc9fb10f1f22bef1d8ee07fbb527a874e0bb1d1fea10efb059bad27baaccb4,0
NCT05274581,2,dedb117713e162c6c9d5e284e71b7abdaa3516816716e8352112fb54fabfb181,1
NCT03687944,0,f379e492db72a7279f68af8f3194f8a2fb929b504673b6a902e2fe2f08ee12d9,2
NCT03996434,1,1115bf1f865e9d6b2ab4862a45b6bc1eb317368df956ad3fad5a9d38680f8783,2
NCT05726968,1,215d5c8f1204327ad45d2460e3de0fa972e834e0bc867e6fc142e5457abde315,1
NCT04184557,0,78ad9e3d5992f818c2fabcbcf6bfe8fc90af2ce253c5e88d99afe8f22079d882,0
NCT04855474,0,31852c2f1ad3c2c0558a00ff397b6407529767529de706da9fbfb7ec1d581088,0
NCT04692623,0,1700c06262fb64cff2b541e4f7a25082e3533a1ca696566a38ca5a3e2bfcf814,0
NCT03462082,0,5ae4ac1f70925ca0ba5065ea166e8a04e51bdeba5ee90002e28bc23d96e9504a,0
NCT02692495,0,4e7bf2fe88652f551048add5d948d8b67b14ba743a7e96925d461f01ce81451d,0
NCT02753751,0,cc848e7db293c84769f5ec133948258126c19558abc2a3a4c3d7a1514b81ba18,0
NCT03322930,1,46cb83a185c93aef0bef158d446eba6f745ac9088df12d8e1ca6bf4c8d392ae6,1
NCT03930329,0,9549fc0aa5f2135b9e8ff07e6d8c383137e6a1b51be3d476fe5fe391a23f9ef0,1
NCT05540028,1,fbdbd46d8c4ff612709be3e57ee01d1df9352436f8412fc1b8cd78dafe46896b,0
NCT03346720,0,dd58929204a20d9495a9adf769e237429e391ee72119abf6e3c4dad9d91dff1d,0
NCT01901419,0,a39444e63d577dfe14550ba07939ee5a9e2ef6d413322854cfb8a6474efc0b02,0
NCT03397160,0,64875511e2a218f335240e8b3e80b946f6e411985cb464272dbb1b97933fc4f2,0
NCT02730754,0,6bd9988c0c66858f08d24e888eb98df66de04a224730d4615f12ef786ad83fc5,0
NCT04570605,2,e3f265fdfbf2ed82d0bbf8e771cb55d53cc623a8f5ace0b6740b1c67ec481177,2
NCT03833830,0,d3e69d7b3c5765309e219caac8f8a2a54561f91c266c6cf5cea83e08a86be0e6,1
NCT04669626,1,a43c325cda4a9327be546a7e4ae848aab90fd1663728326046c85bc4e8cc84f1,2
NCT05383924,0,a19d499620c8925641fc73e4422631eec44873243acce249c154f24388971872,0
NCT05014009,0,474c1f3676dd8417430833f2efaa3d05b1c47594e502d98cac8a354768c8ed4d,0
NCT05437354,1,fcccf2e506b483a87fa492bdaa96e5fea13747f604d6670c08dc349b25ca9f8d,1
NCT02774954,0,7b722aa20b6594ccb731cf912331adbbdc7c5a5634eac178551fd66318b343ab,0
NCT04426994,1,56c8882bb76a46efda763005e62f90b3278d15c9a17b37ed5ecda9ce62ae1521,1
NCT01651793,0,890afffb39bc9810356adc61d63d79ab2a61e6621c49cddf29aff5a62316b86d,0
NCT04121871,2,7f76e1c684f5330e60d16791515086b652c7effd7c76c9c86b88fc79145f874d,2
NCT05130515,0,f86e45a1faf6a818844b9a0d8c042a1eea73b7a0a46925b6ef81c013350970cd,0
NCT04405960,2,2e92fcc6a1f2b1636e565d38eb141030e1375a268643c96572c99718cacb1e7a,2
NCT03588156,2,c86404a0502f6dddbb7b43b6f01c5e09252ea1a88bfb27ed8d72763142e0bae0,2
NCT02684422,2,81448bac96e28478962096aaf8befcbe534d4789618e752a0234dc2c2464fc2b,2
NCT03037827,0,354c4d2c939f3b56e134a4ef8e6b0b6dc41bfe5ba3fde6443b1d97a41f5cb6ad,0
NCT04758286,1,0241161c22191b5c191b5f594897252ecd9709ae1cdef4906257e8b4388c47e5,0
NCT03755349,0,a7da40d783a6f8b3976ddede7bfbfee589fc5ba7a42d1b405eff57c3a248897e,0
NCT05528523,2,c9a6a801e75dbd8af6071783617623ced86e820d70e03ce96f6a0ffd700f4068,2
NCT05449782,1,8450632205cc1dab573756bd9ce8f91ae55966eb5b1a384d4c4580ea5732ec41,2
NCT05214508,0,82a3abb131eedac1b678d88c063d2c2d17af5a4e38c0ae8c2d3362e661914ffb,0
NCT04591665,1,a33f6ed931d0d48c017e375e56d20dc2c6b43b977a93dc2894301fa36a17b063,2
NCT01959464,1,f9867c072c02ba473fb95e99de3049f383ab25ade9f6074e5f7f226eb799aa5f,2
NCT05162937,1,b0bb5a5965ce7fc123b4494d21ccb7ba7e166474ec363611a7206115c0b0b7f9,2
NCT03854240,2,85dad9dffd6fa29e5a67a864668f72ee8e8aca17d9b5a55f48ebef654fd6d68b,2
NCT04110210,1,00b7d7bed7e32d29197248bed5d1296ddcb1a2a7f2f23094fd4856b7e7295d97,1
NCT01517477,1,99e12d6dc1253fb4b6a04ee4e2a23568b2477c01c7afbea59ce2856b48892574,0
NCT05198414,2,ddd5db9eb8d14a461b6edd9cca6feb7a0a3af2c4e8f8f70c1cf8c368fe182dd6,2
NCT04556604,0,b2ef246f370a22a82051a5499a6a052e2c8a7d6e0c1c8452145bbc2d6a20ba18,1
NCT04590040,0,0b110c2b2964d201cf04786082374b832584e2274e3bef63bf20b6d417a0ca01,0
NCT03667131,0,bd1cefd9ba11102a6b6600bdbe5b7c7e9dbf0c68e528cc4544460fc789e27f04,0
NCT04796571,0,2dd707007d691b9def22cf52d2b14a6b2cc911bc993b7c4d28d0fdb8ee28d844,2
NCT02756195,2,82d781cabc40de36b42ef40c38c768460bde5f2fe14a3aab892eb60839dc2c3d,2
NCT02143128,0,b8f238ef0e5839e489cf4189da5b1af039ecbc42e229839411147e30f7a0a30e,1
NCT02761486,2,4ac730bf3e3d1e84ae0870b844b23491e64cb1541601b7512ef5b4331a85e9d0,2
NCT03057249,2,8e55a86d5940b5a9623960513cb68cfc3cce28b3012fa503fe60a0d9e69d68be,2
NCT05000203,1,172ca2bcf82bbc62a3173eaf0fdca507c918c2b5be42743ba365242e19b93572,0
NCT05559047,0,43920f13333579ee93b81a2d1996a25da0deded53c8d338b6381e89aa109c5da,0
NCT00001594,1,84605362001bdefb5061e2ba532e0c1b3091f97ef9d680090bbb4fe866e9946f,1
NCT03937180,0,807c7a5382fdddd08ecc4e17fc2fda535f1cb5217cf81b184c24b6f206e00c11,0
NCT03429244,1,e6e177b9e3b2d668261f848b8dd7790437d9151a4550487835f86783588b7197,1
NCT04330209,1,3a09bb999285994a26b026e8e580dfc76c6e90bbd6e0fdec49bb6188f6eef021,1
NCT01211405,0,4923988e38e0d58b7a7dd40ebe81e34320a9662e9fadda90b47138da52d415ff,0
NCT04143009,2,7aa1da551728a46c4016a4e6d7a9e52637c2e57ae337c3c64dde340012fd4a69,2
NCT06011590,0,8b56d38877c0b385e5f634be6186250cb07466e7e43055acf06bc0fa9e4e7bf9,1
NCT05807503,1,ef0087224b5099794412a1c92222f9dfcaeba8aec02196644ae805c6a8096df8,1
NCT03663569,0,59d408e223421431434e8bd26a3441595e2d6c56a2091bf7bfff51b59930a7af,1
NCT05253573,0,ee2e4af5b0968800a939c5b677581177ece1798e63287aad186f060a7d003cf6,0
NCT05895357,1,23b8fff38b5dbe8338c996b4fd1fa0bb65a4bc0abe954e25d2750845d85bbb67,1
NCT05752435,1,1b4d234800100900bfb80362090dcf851664ecbf3fcb3e32a4cc362729735eb2,0
NCT02487043,2,f634a109636e3e381b4573fe6589cd54816a7782642a266e7f9f9b6a136d976a,2
NCT04406038,0,e7b792aab2a376b8b45107043cf80f9a9430709f7ea3efd9c859c9df9eb0e5b7,0
NCT03650530,2,9da5214b2f2a9554d26078a07893a6fdad16f06ac5c914454632fb3a594eda52,2
NCT04055935,1,be9bea1b3a672706a87d306a97a0ca25e85fbe5044eff083b6a5e10be4054781,0
NCT03761082,1,d3526c0b392a87bcfb336a643ef6c5b01a5274beb7d73fa13fdb7efed359ce34,1
NCT04161040,0,b8cebaecb888372aad5d1f9d5897b75b595ec01f8c04f94670d4d8123f7895db,0
NCT03200015,2,b352bdabd0b3947ffda7f8fad5a8a2ab93b13e01b19f446f3105c5ee1d21e8cc,2
NCT05190731,0,ad25c3addf638214e975ecea2c97758038a7c00a487700817bdca597a16b08a4,0
NCT03917576,0,a4e917ed31cbb9942e5e8a1adde5f352d30a948b9beccefcfc9bd4acadf31f17,2
NCT04441775,2,c88972bd5669ef4e45b84a5b79933f14702dbcbf89581340e329fe3262e71146,2
NCT02979509,1,353b75eb358dfddc4d8db9a7c067a7d2c37cc51bf3e86fbd12aed4adb04a97f0,0
NCT05276128,0,4514d02908f2b45dc7b61aa925fe959c838a4d800effa9f01890f36bb028e0e3,0
NCT03622346,2,6bde4893221d60f83f2ba1ba5ae2019bada47af1188fef85f286bd5336570b7f,2
NCT04694300,2,71f663207d2bd0e65e7a9678fc4c265c309e028dd135f767b016604014fc4ba5,2
NCT02248688,0,10e34ea35f6f62ac33664cd214088eabe529d32153827d462575e478ba24ce4c,0
NCT04821921,0,b73c6068a749d702c000855dce1d6098d582d35841cbccfdea899332114e9242,2
NCT03103542,0,8ee82bc0ec5529465e05971ed850a92d88a97ff0fd0ea22941bdbca12670d33b,0
NCT03233750,0,8aaba0eb52bd4875f8b8f9b3bb068f9f1bb3d2fbd0576712d8f1efb228049333,1
NCT04901832,1,6001c2f96a5e8f62d74f25fa3fa35ed00788b42f772ea5029add83607c80d34f,0
NCT00434811,0,4886b8754b41ef78020f62ed32430c24a26b950cc00e485ff087efe185272eb5,0
NCT01739699,1,0e7ead20c12d7a57c0831ad1071d6206fc43eb97738ea9a5cea9e805eccff98a,0
NCT04586283,2,8ba9109dffeeab8904ac6680c4692aa7852e5321776aeac902587050f5702720,2
NCT04572412,2,50142119023ae337e47ead7c9953fb238e09ca287fb43a4a44e036e4c4b24e74,2
NCT04044118,1,aef3bd7b7f71a74e781a23edb0b069c2c351db7875a5d2292eff38bbff669cbc,0
NCT04364529,1,dae0d7c20817f21d5d247a6e3303026432a7200f51030f14becfeeb1918c3d58,2
NCT03861013,1,99e7df5006cacbcb6df46d3614f28f3b1f5ca781681f45a7a42f584dea0ee28a,1
NCT03673319,2,798ee215664cafbffae2f02f6e690e92decc041b77dcf990fc8b9805aa71b6e9,2
NCT03874962,0,1ed72c863600efad0a878737ba9038a1840a8e6fa0f7b7f4c8f502ffc86a68eb,0
NCT05099497,1,87905597afc0b3f103b4660fd3845e47aefa3ab7f02058b90bcd686492e0b1aa,2
NCT02245282,0,0a7b224d14c3ac09a63af8074ed0da61dfe5022b696d823f960b87f0808c13ee,0
NCT05812664,0,4d402be2d03c10e6c11c23458bd981f4abc098a3a3ca3cf475f0acf6ce8b23e2,2
NCT02403817,0,cb071ba9c4108fb90afcc2fd742301c4af440f037edd88085d7a448141d1ed33,0
NCT04487886,0,f7d8278a531a3c3263e605f2f906ed649c8cc348e8e277f44d3b07fe70948beb,0
NCT03967496,2,2002c1c4b47a33c190027c0cb40625bf525ec1ce50bcf8ad3a5a77eeda5e9e94,2
NCT02531711,0,3cdac6a1c80d8c6fa4f85597a6e13a77d30e78788fc1ebfdccabdc076ccccb4e,0
NCT05283668,0,b15a41550efd33c8c8f35ad80e1f640c1386f35c8a05f6b85a2a48c6f8ed7b0f,2
NCT03403972,2,5c49946dd7b023001f61d52c098ae35bcc4116e3a5ffa7a46db894c120c7b70d,2
NCT03087630,2,6f90804fdd623df9f0915c9811ad1719f36954f0b0d9e5b2535e60a67c6f2865,2
NCT03822728,0,fbbf60a577ffc6c3a021eccacbc57e0140c9877df27e61f9d4b1de6626b9dda0,2
NCT02998359,2,4074b4052ec139d33a33e968b7b1155de52d5db5ff1bc292bf0cfb04a1cc5a26,2
NCT05962268,0,9e5a1fcc2d19e39df0ce8825d284cff8241c4447417fb303cb7bc9f1017c6cbf,2
NCT04756128,2,58a21fc18a3e9de3f4e339eb58da8f4830ff781fc3bbbaab234eb406365e325a,2
NCT04555863,0,6a98ab6343153db970497e48d87130849a490e57f5ec6fc9b6989347d41f42d8,1
NCT01863914,1,69a2f79e2e16266135fb47ff11573d22aec633631a638a2f6b349745be1fddd9,2
NCT04259320,1,1173fffd6dc21475c37eda4d5edeb34f72d7e399660c01ae74d2173b4c66a172,2
NCT03656042,1,952523988dc794cac789b49b13c0d1cc1ae97272f0eeff9ff65b3cdb91c39fb3,1
NCT03033836,1,bf730fc8704351a9bce653f0dbf181c62d77c90844018429f9c4815fa76dc746,0
NCT04810416,2,2234789f83be99cb954aaebe10b4ab56b0da851f4b9907016a8f3f3e34985557,2
NCT03925480,0,b0a6a3214482e5154ad814a6e16450c140f9a25da53205d2812d86cbec995cfa,0
NCT04689113,0,4257c2a991ff49a5d3268e61e7c9366c4cf8c8efc40196a7c343bea0c7d0ed31,2
NCT03714204,1,68dc305ea423af127796325defed0299019f6c7d37eeb228136b719ad4d8d214,0
NCT04919317,0,904bab34a2e4fc1eaab96536046d79c1f442419648459a2459cc7556f5b5638f,0
NCT05468450,2,acb7f1a6330393a0ea37c0483e894b5d84860129fe20bc46fb266f6b45f68859,2
NCT04725682,0,f889c3d192720a2f8b23e5a73d56666f26d59d63ca16bbf47174c9897e3642a7,0
NCT04365764,0,fce17d82136975e6e6b18fed6d6c8bf57d3d5ed775374421fd109e9b47b1aa1b,1
NCT04993521,0,c573cd6fe5a1e2a219dc67e0be273eff05a31c7d1cad5d069d5bb386ecb3c301,2
NCT03582761,0,91291033bfd3b3a8a32eaf416516dc9b869d22aba7ba801553507ca04246ade7,0
NCT02775617,0,9a780b6340c035fc85ccacf287d528aa83190a0b42559897668ec09ba9f184e7,1
NCT05504304,1,5fd3058ca2fa624a1b253bffad908a5ae86b683d33fedf6c9adf183e788a977a,0
NCT01376778,0,54a7ea4770f5710a1d9bb178ad7071a52343f587a16a88c77f69f399e311318f,0
NCT05571930,1,fb8eeef2c3262f6551d6c86b65702e34c7652e8da15729d2b2e3700718ceb1f7,2
NCT05872581,0,93e4eef6bac9b1e54fdc40dc516498f7f50cb5ff506dc67e9833fa2b2a5d727b,0
NCT03524755,2,ebe11e95142de568d3e952d8a0718be4bccef1964016137af18f3fdb531157b2,2
NCT04967846,2,19c21e74904da79dfba0fe2bebd3106ad574ada082219b5871d78d06585e9378,2
NCT05594160,2,fdcf0cbc5ffe3f3fadb955236ca7b76680105547a9939367a1feab61e383d81a,2
NCT05970055,0,49e61f476bf1358a39ce7974a51d767acf5eaa884792d75ccbf37632a661bce8,1
NCT04126083,1,af8f55babf1622ace2c095cd818a7f03b15c3d4ffc0b27b2125f2160151edd19,1
NCT04506203,0,4c5bdf3a624376e28adde3d28b5c75dab46b27f7672259aa0bb2c3dd0c8bf27b,0
NCT04515433,0,360caac9bed75922466469a1ecad82fda78ebf767817ce4f45c5713dde203267,0
NCT02109029,0,3e8b5ac9cba44a6aeaf53e435f8f42f1554c3fa1bbf92138349dec6bb7ed8915,0
NCT05043363,1,ea00adb382ed053069399017b0ed26bcebbf5a38425784b6c3fd8eb68bf4a727,1
NCT04223934,2,bdffffe5fc1d491a1e8fd089b2660010f8750ae5c30fb27525979f1ddbdaab9e,2
NCT02668575,0,970543fdf5df16991a2f3b8b8ec5e0b6af6d0274ab71821c6f258ada6dadcef5,0
NCT04167709,2,f8c68c829fd1f78d9af0d99cec201170f40ef71fad169e71f6667f502ad1f112,2
NCT02929953,2,0165b4ea93c5e2d3a98891be4b0acb27a713d68f416c3e1080a7cf6e1ae3a527,2
NCT03365765,1,4a230c88fed75973d50efda285cc4b5b4ae158de4ea65cdaa17eb31a129c7467,2
NCT04817059,0,732ee078f0a834f340dcbd08f691fb61fbc49bc0d3c7995211eb01aa3b015ca1,0
NCT02698423,0,03b0f4d1d2c7cc66c92670fd48615569503fc0d5eee628e23922cb4abd0e0433,0
NCT01779869,0,5d9ef9932f2a8e5a783e13e9ffac581ed1358a8b62907722a45dbec706edd8c7,2
NCT04045327,1,c6b024089e3e1a367045ddffd24da78dd744f87380a9a1a495239442e18619a6,2
NCT03300583,0,5dc91afc5224542596f37a2aca0fe28fc4bffbf92aac806cbc54f55a8a504729,2
NCT05208359,0,71bfe61ae4a8cd3d53754e588c5a8f277a19bcbf2fb9970285273bb2bd6dc1b8,0
NCT04464486,0,f989c8a6bc32502313cfd6bd0f280d18b0557ef256b6e7e729a6ea87e94e6808,0
NCT04149652,2,e2217ac4f3c37f37a4875cedbd71f58e701215dbff2519541c594f443ba6cc64,2
NCT03698123,2,95ba82fe73e228804981c246bbed86d43d3aec83fa08fe5754b58a6b1353baa1,2
NCT05664659,1,792cf81248a0744c80c6a5a97958ea4cca32ad1d8c07326737d1b576286d0128,0
NCT03660488,2,21603bd929f324e9716fe10c06539b3ffc513cc0a562eff72fd8b61c76b67384,2
NCT02271451,2,063a1caa5258a8a9d59975a12cc0146702754eddf629aea1b2ea7fd5d42c34d1,2
NCT03404999,1,cc656bb98fb30233d86c36b4b720e8c71fbdb396d98cc7b8de094e6270c82d79,2
NCT03010488,0,9080cf093b0a75560560701d300c5f2d9fc94ff53ce0264b53c538e0d5a4246c,0
NCT05485454,2,1bc3e097c75ab442674c5056f670a4e952e57aee8787720660ce54728a193f1d,2
NCT05164861,0,1f3f12493cbe40959dd6f4c8b39a2aaedcea0edae36bb7897a41f234215fbcda,0
NCT04376047,1,a5cf4f879b5c6a14d45686f1aacc9cfece97d7cc89986a6e597fd5d79cb7893d,1
NCT05639335,0,511e47a1b733941917c1dc5b84129eea997864a3b17ffe9672390b2032e44efe,0
NCT02957643,1,1a26a648a6db67461d0a923db1f1c17179a9af5c016a292da2de469efc952eaa,0
NCT02966392,1,9cd61dfda8696b9cbb65011bbbe15d3cd102a205c21941df035852ee48d2660a,1
NCT03539523,1,5df05a208cb549c99ce0bcab0921cd5980203fb783d212d2616261454ebc228d,1
NCT04631380,2,b0254616c6ff702838a8ea58955b0910139dfc3928270867c6aadf7b7472c6d7,2
NCT03177993,0,0f275d3b0c09ac48e51bb727b8dcf9830a2aa9e8d95437dcf4d2017c8f1c668c,0
NCT03248804,0,bbc7e6b8fff6cd35101485b703cfc70abb038b7febd063984c4d340bb34cef3f,1
NCT03159949,0,33fa9cdb9ace688811e0c58f2389cd0c65fc0331af4f9739a04adae0b998df8f,1
NCT03062917,1,42970d9696d0de331e5dd1780211122039bb3deaf308af719bc0c2182c45f558,1
NCT05441293,2,a35a3d97e92266445968ad2b1fa21c983ef210544c2c20bb51a98c1853defa25,2
NCT03083093,1,449964d604d4de09ff36df304b84147a407811325e3af314f133784166e2e7ba,1
NCT03828747,0,f2c33b1da8611d61e3085700512d04c3cb51fd4b9a45cc577fc409d277100799,0
NCT04135261,1,ac10edb67bedf53d3e355abe2a1e2a4f92d62bc666cf5cb0f9f515c7ebf8f0bb,2
NCT03419065,0,76510af53b1df0901b60d477ed85e2eee90c267050886756a15fa19d42fab30d,2
NCT02468804,1,2b6b853c9e59dbf44fdd9dd5919557d3ca4bf448807949acaea7697e6cd1d92d,1
NCT04044261,2,be42946418fc9448408686c9f322ef8761289b9a001c7f184ed3b424d09b8ee6,2
NCT04345133,1,22396a97e178ce3a7bd7314c963aea946597b155fb5dec98219a1581faf95a9b,2
NCT05535296,2,5df1dee1d8dc7c40e3c8c2f3603e2bad81b45dd1efe9fce6f1d23a55c9c23838,2
NCT04426175,0,a23ee1df5209e25aa49b7c45673c919ee911b1ff3066b3eb36f395969ca4ff37,2
NCT01483391,0,8124830a242392157eb2ad42dc49df0b8d10603463bed0770285a810e7ce3234,0
NCT03544684,2,fdeb2fc72590f05a9d4c4057767207d5a8f4c22bfa537dbf3b49973f82b320a1,2
NCT03655405,0,8a4d6c77c1519d9dae202061f0f92277129aa9626608507a2b73f612379a38af,0
NCT04402853,1,bbae08ba19c860ecef31c0fbe5352f06de5a768ccbb2c4bf87902af460f4c8bc,1
NCT02806271,0,b0f46c45f5bf8637eb9a4671f6d187315fa66271f447950f405850f3371d280e,0
NCT01981850,0,4a772db8a8d33ed4f3ae826544d134674ec96a6179e783d9d2313d5c4240ff70,0
NCT04386798,0,b34013a2d37dd948bb6919f9e12671030055f051058e49dafc98eebf9d9ea8b4,0
NCT04047654,1,3c052b8d0e38d1b1ff89d00743773b79f8a27ee6cf370655b0a9a6d0d1cf0e6b,1
NCT02360748,2,8ebd7875be22ec1b57a1c563bcebaedc32d5c7aaa3a965452e8da33a4c5db7af,1
NCT01602575,0,3c6085d516da3ac337a4479696801bec0ecd047599e60a7b14574d2d65331cc4,0
NCT05673161,0,4b870eb1a528bc597c5fdcdbe90658bf028038852197d7e59f84d1581667d4c0,2
NCT04717713,1,d1930d4366e01d74ee00e181fda83df86a764f207a225b8987f510bbfc998a19,2
NCT05993468,0,ca532c03db3a1f26370f872204014f51148f391219a3d439fbc9b9b111018e89,0
NCT04302467,1,80b49f49be3f6429cc5f26358fe16be7ff347243bed0a3729b0a6d9e57c8f252,2
NCT02588664,0,6891f7a7e117654c7d62eeb9fc7eb26b46744cd863b644643d831d03df33a7a4,2
NCT03921281,1,2e4dfb698976f7400f5e6543354c23426fb150aa6d2fad82de84cfc7874f4ed7,2
NCT04728620,0,76e67bb258bf4657a95398a4a28a621d137ba4df4afd9496ec0b2f50ae92d93d,0
NCT04065607,1,78cf3ac0e71cc595e90524194e1a6149ff89a68b9c02515f56ac19d85a22d3f2,0
NCT03339518,0,9c11c1460b31c0ad26acd0b3505dc9acf54df7d26a28a667c8d7f8cd7c54ed67,1
NCT04712383,2,486e02b1462e835e8d4a7a5c226d6632a3cb1a498d23f44835af8e61d25996be,2
NCT01289444,0,d7f744e5c9476fc39c22b9f9ee38b623b2c2527f619ac7be35ba05c7b5ab1484,0
NCT04912752,1,c8d2e8a845e4581daad2380806ece32ced3de36dd98fa582adfb64cbc788d2d5,2
NCT03915899,1,967ebd1a8a97f141dc83f589d4c535fd9fa4bc2aaab8fd69ec1dab7838fe19f4,0
NCT04315207,2,3b6bd6e93f16c82884458b501b18244bc833fa787574d242a7e125a0f5bb02c3,1
NCT03672838,0,f7a48e63a9ac7af4c88d067c7669569cc68e4d3eb2166b6c09e529b4fb72a033,0
NCT04767763,2,1dc32dd775fc9af6a6fae44efd320ef1d079de1dbe03097649266d3ab37887b9,1
NCT05217394,0,3184d3d07c2b584e1e92d389fa9f4d1c015877f9fd82c21249ac9a0af8660d47,0
NCT03645174,0,0c65430c0f34f5dcc8bd00942c466e01f818841dd56fe444caec97f5b13609b6,2
NCT04908150,1,7831d76f8a9fd7f3e6cd31c7f9245cfaec4a8846f96b1f374f202728b9f1d7e5,0
NCT02952170,0,7eca0a1c8c60f0efce1d7a335cc2c5c99dda996356416574ee8dcbca0f668eea,0
NCT03746795,1,b8e429a3fec33519c27258402ac844d7aad73196587091e5280536b6fc0ec6f9,1
NCT04609254,0,af0230cac67faca68a0fec0a7585a05e9bab8fbfe5a2f2b63c08c1ea2f2b3a5f,2
NCT04736147,0,4e3623154097f88bcc0d999e47454c55f3ff60a6407d2ab7f10582c7d27d3760,0
NCT04099225,2,5288b0097ec8690cc5d7f428ba511a79507b84de769cfa621c8c53f15c379036,2
NCT03387891,0,2d6cb7e0c18048aa51d493feecee46e108075202e5350f803aa70479486bc60f,0
NCT03073239,1,f59ed1bc96363a6de4368ed6743e8cdcc909a345451c255fb26cb209ad55e94e,0
NCT05585268,0,7a5e9673126262d0115330be1031876bb47ead1254117c387ea041e2005ecedf,0
NCT04280445,0,59ae7c4ed8324fed8a7e6f858003eba6f92776974e57f000133392f8a02afd10,2
NCT03949205,0,5ab77f39322a77ac201a2d5bc8e92ff8f1ee27ad6c86aee8eb475c1a8bfde45d,0
NCT05190783,1,e6f02ef880f8db583dcb3859582c20f6af5938e70c5566d0c4642ef0ff4799da,0
NCT04523831,1,17d762f9590384673bc1ab4e52654119179b2c1e0c7764084a359f5d0c98ca94,0
NCT03364244,0,1f56a720226817e51cad05518852755a05de872ebb9dfdd3b605346254efcb23,2
NCT04655651,0,b88830d38e4f76ee0aa4788f1ff5b7ef949736ca6d52b2e91944b0ab25475907,1
NCT05204420,2,b0187a12df33af4e01f9c1778ef726c6e547347f95476b82285124b43f4bb7da,2
NCT00197067,0,f6ddc427db2c9c8dfb308edd05625b3c5ee54b1414d4a923845933c9913de4c7,0
NCT03820245,0,74c009fbfdfa62da4bf64d6bce5b7b25fa1ccf0e96fa96f18571be14341e6438,1
NCT06123416,1,d67f95977bd17ece08549419b502bd5303e04f5fdcc3a3ee38c60211e1495911,1
NCT03070444,0,228f60168c4d6956451c0553c7a4d906566bcc8d46807c4c1a10c3f76e779616,2
NCT05422261,2,c33a4d17f1daebda2dd8cbab261053cbce1073268bb4d02df2ebf646c856d473,2
NCT03418129,0,301d4a1835fd821a81a7e8770b8815f7123b8289d99589a968414a7ef3d35061,0
NCT03173781,1,5a50ffde37d11405c78646aa148591863d3267ce0c1a0684dfa309af5bab43fb,0
NCT06119828,2,af02fa20713afdbd2f483273fe5c7531070e797aff03d01bcd8ca6ad5cbbe69b,2
NCT05858918,2,069aa4683af399c2900a3f136ebab4a2534c3fd632d9f5123f16994e1735cae1,2
NCT00456092,0,14d173369f57638ecb00a58aad0ff4c127a3dc173abf5dc95984723e9ea5f009,0
NCT04439734,0,7ee44c283a9bf349c9d29990b67ae5b8b10394832c4f53a025bd688a5b8cdc38,0
NCT02037438,0,9db2d7605c95405ccff8e200da26b9015f55d27ae59b876c68960ab8a595c683,0
NCT04744415,1,c3318e62883ba86f46d07af780c700e93289507f58b60d9e463bfe268c53b0e2,1
NCT02723604,1,e7d2da590142276953470524114273811f059708c5d0d66a32b8f4d083b2d7c3,0
NCT04765891,0,e63ea5d8f752a392ccecf95f757a00fd784de259df50157a4a7ab87a6c0e8593,0
NCT03224858,0,6f658308da76a0bd2993ff5bcad8d04956103cfad151fd3a2c6774c8d54925f5,0
NCT03173144,0,de17904baba379d2b72e67cf459962be2dee4f6df5f3da708bcae35d0b322b9c,0
NCT05526794,2,9a5321a222cc993792fc75141201a2df908ffc2fc64858acc8e55730dccd4d41,2
NCT04425343,1,8bf530529baf1754a82c3e7c3d2152325fc260bedf6fd458ae028bcd35a60e7f,2
NCT05640583,1,de26a92af16e0388568b3d984a02961518ea737efd1ff92c06b5588607b15728,2
NCT06052189,0,ec2bbf280508d995726eb1a30f3523ffd8b408fd04238e18cf8877838fac2393,0
NCT02956434,0,2b19bbba4b2abf0ba8c8edba244c1275a2541f4a58313d1861b413a6c13771bb,0
NCT04737278,1,2b707d9a2a009643c380a8210684c4085ccf52492ae04b76a15e8ccd96c209dc,0
NCT02925260,1,a51a3508a618a0be6f63a6eae03d46de559b6f43d5e670742e8bb946b61adc68,2
NCT03468816,2,3d23578be75dacfcfc45a2b05de24601d87e12716308cd0ad2d51356ba909cc2,2
